<?xml version="1.0" encoding="UTF-8"?>
<?xml-stylesheet type="text/xsl" href='style.xml' ?>
<Game venue="Adelaide" time="07:30:00" date="2015-02-15" xmlns="http://www.espncricinfo.com" xmlns:xsi="http://www.w3.org/2001/XMLSchema-instance" xsi:schemaLocation="http://www.espncricinfo.com CricketSchema.xsd">


<umpires>
<umpire type="on-field"></umpire>
<umpire type="on-field"></umpire>
<umpire type="3rd-umpire"></umpire>
</umpires>

<Team name="India" captain="IND2" wicket_keeper="IND2">
<player id="IND1" role="Middle-order batsman">V Kholi </player>
<player id="IND2" role="Batsman">MS Dhoni</player>

<player id="IND3" role="Batsman">S.K Raina</player>
<player id="IND4" role="Batsman">RG Sharma</player>
<player id="IND5" role="Top-order batsman">S Dhawan</player>
<player id="IND6" role="Allrounder">RA Jadeja</player>
<player id="IND7" role="Top-order batsman">AM Rahane</player>
<player id="IND8" role="Allrounder">R Ashwini</player>
<player id="IND9" role="Bowler"> Mohammed Shami Ahmed</player>
<player id="IND10" role="Bowler">Bhuneshwar Kumar</player>
<player id="IND11" role="Batsman">Vinay Kumar</player>

<substitute>
<player id="IND12" role="Batsman">Mohammed Shami</player>
<player id="IND13" role="Bowler">Ajinkya Rahane</player>
<player id="IND14" role="Bowler">Ambati Raydu</player>
</substitute>

</Team>

<Team name="Pakistan" captain="PAK1" wicket_keeper="PAK5">
<player id="PAK1" role="Batsman">Shahid Afridi</player>
<player id="PAK2" role="Bowler">Sohail Khan</player>
<player id="PAK3" role="Allrounder">Mohammed Irfan</player>
<player id="PAK4" role="Batsman">Sarfaraz Ahmed</player>
<player id="PAK5" role="Batsman">Umar Akmal</player>
<player id="PAK6" role="Bowler">Wahab Riaz</player>
<player id="PAK7" role="Bowler"></player>
<player id="PAK8" role="Batsman"></player>
<player id="PAK9" role="Bowler"></player>
<player id="PAK10" role="Allrounder"></player>
<player id="PAK11" role="Allrounder"></player>

<substitute>
<player id="PAK12" role="Bowler"></player>
<player id="PAK13" role="Batsman"></player>
<player id="PAK14" role="Batsman"></player>
</substitute>
</Team>

<innings>
<inning id="first" name="India">
<batting>

<batsman id="IND1" runs="50" fours="5" sixes="2"  balls="26">
					<dismissal type="runOut">
						<bowler id="PAK10"></bowler>
					</dismissal>
</batsman>

<batsman id="IND2" runs="30" fours="2" sixes="1"  balls="50">
					<dismissal type="caught">
					<bowler id="PAK10"></bowler>
						<fielder id="PAK1"></fielder>
					</dismissal>
</batsman>
<batsman id="IND3" runs="80" fours="4" sixes="3"  balls="70">
					<dismissal type="caught">
					<bowler id="PAK10"></bowler>
						<fielder id="PAK1"></fielder>
					</dismissal>
</batsman>

<batsman id="IND4" runs="40" fours="4" sixes="1"  balls="35">
					<dismissal type="stumped">
						<fielder id="PAK1"></fielder>
					</dismissal>
</batsman>
<batsman id="IND5" runs="30" fours="4" sixes="0"  balls="32">
					<dismissal type="stumped">
						<fielder id="PAK1"></fielder>
					</dismissal>
</batsman>
<batsman id="IND6" runs="20" fours="2" sixes="1"  balls="25">
					<dismissal type="stumped">
						<fielder id="PAK1"></fielder>
					</dismissal>
</batsman>
<batsman id="IND7" runs="10" fours="0" sixes="0"  balls="20">
					<dismissal type="stumped">
						<fielder id="PAK1"></fielder>
					</dismissal>
</batsman>
<batsman id="IND4" runs="40" fours="1" sixes="0"  balls="42">
</batsman>

<score>
	<extras lb="2" nb="1" w="3">6</extras>
	<total out="7 wickets" overs="50">300</total>
</score>


</batting>

<bowling>
<bowler id="PAK1" overs="10" wickets="2">
</bowler>

<bowler id="PAK5" overs="7" wickets="1">
</bowler>

<bowler id="PAK2" overs="3" wickets="0"> 
</bowler>

<bowler id="PAK3" overs="10" wickets="2">
</bowler>

<bowler id="PAK4" overs="10" wickets="2">
</bowler>

<bowler id="PAK4" overs="10" wickets="0">
</bowler>
</bowling>
</inning>


<inning id="second" name="Pakistan">
<batting target="300">

<batsman id="PAK1" runs="45" fours="4" sixes="1"  balls="20">
		<dismissal type="bowled">
		<bowler id="IND8"></bowler>
		</dismissal>
</batsman>

<batsman id="PAK2" runs="45" fours="4" sixes="1"  balls="20">
		<dismissal type="bowled">
		<bowler id="IND8"></bowler>
		</dismissal>
</batsman>

<batsman id="PAK4" runs="45" fours="4" sixes="1"  balls="20">
		<dismissal type="caught">
			<bowler id="IND8"></bowler>
			<fielder id="IND4"></fielder>
		</dismissal>
</batsman>

<batsman id="PAK5" runs="45" fours="4" sixes="1"  balls="20">
		<dismissal type="caught">
			<bowler id="IND8"></bowler>
			<fielder id="IND4"></fielder>

		</dismissal>
</batsman>

<score>
<extras lb="1" nb="1" w="10">12</extras>
<total out="all" overs="47">224</total>
</score>
</batting>

<bowling>
<bowler id="IND1" overs="" wickets="" >
</bowler>

<bowler id="IND5" overs="" wickets=""> 
</bowler>

<bowler id="IND3" overs="" wickets="">
</bowler>

<bowler id="IND6" overs="" wickets="">
</bowler>
</bowling>
</inning>
</innings>


</Game>