<xsl:stylesheet xmlns:xsl="http://www.w3.org/1999/XSL/Transform"  xmlns:my="http://www.espncricinfo.com" version="1.0">
<xsl:template match="/">
<html>
<head>
</head>
<body>
<xsl:variable name="inning1">first</xsl:variable>
<xsl:variable name="inning2">second</xsl:variable>
<xsl:variable name="path">my:Game/my:Team/my:player</xsl:variable>
<h2 style="text-align:center">Score Sheet</h2>
<div style="border:1px solid black;margin:auto auto;width:50%;height:200%">
<table border="1" style="width:90%;margin:5%">
<caption>Inning 1</caption>
	  <tr>
	  <th colspan="6" style="text-align:left;background-color:#9acd32">
	  TEAM: <xsl:value-of select="my:Game/my:innings/my:inning[@id=$inning1]/@name"/> (50 overs maximum)
	  </th>
	  
	  </tr>
	  <tr>
	  <th colspan="6" style="text-align:left;background-color:#9acd32">
	  Batting
	  </th>
	  
	  </tr>
	  <tr>
	  <th>Player</th>
	  <th>Dismissal</th>
	  <th>Runs</th>
	  <th>Sixes</th>
	  <th>Fours</th>
	  <th>Balls</th>
	  </tr>
 
	  <xsl:for-each select="my:Game/my:innings/my:inning[@id=$inning1]/my:batting/my:batsman">
	  <xsl:variable name="player"><xsl:value-of select="@id"/></xsl:variable>
	  <tr>	
			<td><xsl:value-of select="../../../../my:Team/my:player[@id=$player]"/></td>
	  <td>
	  <xsl:if test="not(my:dismissal/@type)">
	  not out
	  </xsl:if>
	  <xsl:value-of select="my:dismissal/@type"/>
	<!--  <xsl:value-of select="my:dismissal/my:*/@id"/> jjj-->
	  </td>
	  
	  <td><xsl:value-of select="@runs"/></td>
	  <td><xsl:value-of select="@sixes"/></td>
	  <td><xsl:value-of select="@fours"/></td>
	  <td><xsl:value-of select="@balls"/></td>
	  
	  </tr>

</xsl:for-each>

<tr>
<td colspan="6">
<xsl:variable name="lb"><xsl:value-of select="my:Game/my:innings/my:inning[@id=$inning1]/my:batting/my:score/my:extras/@lb"/></xsl:variable>
<xsl:variable name="nb"><xsl:value-of select="my:Game/my:innings/my:inning[@id=$inning1]/my:batting/my:score/my:extras/@nb"/></xsl:variable>
<xsl:variable name="w"><xsl:value-of select="my:Game/my:innings/my:inning[@id=$inning1]/my:batting/my:score/my:extras/@w"/></xsl:variable>
Extras: (lb <xsl:value-of select="$lb"/>, nb <xsl:value-of select="$nb"/> , w <xsl:value-of select="$w"/>)
  <xsl:value-of select=" my:Game/my:innings/my:inning[@id=$inning1]/my:batting/my:score/my:extras"/>
</td>
</tr>	
<tr>
<td colspan="6">
<xsl:variable name="out"><xsl:value-of select="my:Game/my:innings/my:inning[@id=$inning1]/my:batting/my:score/my:total/@out"/></xsl:variable>
<xsl:variable name="overs"><xsl:value-of select="my:Game/my:innings/my:inning[@id=$inning1]/my:batting/my:score/my:total/@overs"/></xsl:variable>
Total: (<xsl:value-of select="$out"/>, <xsl:value-of select="$overs"/> overs) 
<xsl:value-of select="my:Game/my:innings/my:inning[@id=$inning1]/my:batting/my:score/my:total"/>
</td>
</tr>  
</table>
<table border="1" style="width:90%;margin:5%;margin-top:-5%"> 

	  <tr>
	  <th colspan="5" style="text-align:left;background-color:#9acd32" >
	  Bowling
	  </th>
	  </tr>
	  <tr>
	  <th>Player</th>
	  <th>Overs</th>
	  <th>Wickets</th>
	  </tr> 
	  <xsl:for-each select="my:Game/my:innings/my:inning[@id=$inning1]/my:bowling/my:bowler">
	  <xsl:variable name="player"><xsl:value-of select="@id"/></xsl:variable>
	  <tr>
	  
	  <td><xsl:value-of select="../../../../my:Team/my:player[@id=$player]"/></td>
	  
	  <td><xsl:value-of select="@overs"/></td>
	  <td><xsl:value-of select="@wickets"/></td>	  
	  </tr>
	  </xsl:for-each>	
	</table>

	<div id="inning2">
	<table border="1" style="width:90%;margin:5%">
	<caption>Inning 2</caption>
	  <tr>
	  <th colspan="6" style="text-align:left;background-color:#9acd32">
	  TEAM: <xsl:value-of select="my:Game/my:innings/my:inning[@id=$inning2]/@name"/>
	  (target: <xsl:value-of select="my:Game/my:innings/my:inning[@id=$inning2]/my:batting/@target"/> runs from 50 overs)
	  </th>
	  </tr>
	  
	  <tr>
	  <th colspan="6" style="text-align:left;background-color:#9acd32">
	  Batting
	  </th>
	  </tr>
	  
	  <tr>
	  <th>Player</th>
	  <th>Dismissal</th>
	  <th>Runs</th>
	  <th>Sixes</th>
	  <th>Fours</th>
	  <th>Balls</th>
	  </tr>
 
	  <xsl:for-each select="my:Game/my:innings/my:inning[@id=$inning2]/my:batting/my:batsman">
	  <xsl:variable name="player"><xsl:value-of select="@id"/></xsl:variable>
	  <tr>
	  <td><xsl:value-of select="../../../../my:Team/my:player[@id=$player]"/></td>

	  <td>
	  <xsl:if test="not(my:dismissal/@type)">
	  not out
	  </xsl:if>
	  <xsl:value-of select="my:dismissal/@type"/>
	  <!--  <xsl:value-of select="my:dismissal/my:*/@id"/> jjj-->
	  </td>
	  
	  <td><xsl:value-of select="@runs"/></td>
	  <td><xsl:value-of select="@sixes"/></td>
	  <td><xsl:value-of select="@fours"/></td>
	  <td><xsl:value-of select="@balls"/></td>
	  
	  </tr>

	  </xsl:for-each>

<tr>
<td colspan="6">
<xsl:variable name="lb"><xsl:value-of select="my:Game/my:innings/my:inning[@id=$inning2]/my:batting/my:score/my:extras/@lb"/></xsl:variable>
<xsl:variable name="nb"><xsl:value-of select="my:Game/my:innings/my:inning[@id=$inning2]/my:batting/my:score/my:extras/@nb"/></xsl:variable>
<xsl:variable name="w"><xsl:value-of select="my:Game/my:innings/my:inning[@id=$inning2]/my:batting/my:score/my:extras/@w"/></xsl:variable>
Extras: (lb <xsl:value-of select="$lb"/>, nb <xsl:value-of select="$nb"/> , w <xsl:value-of select="$w"/>)
  <xsl:value-of select=" my:Game/my:innings/my:inning[@id=$inning1]/my:batting/my:score/my:extras"/>
</td>
</tr>	
<tr>
<td colspan="6">
<xsl:variable name="out"><xsl:value-of select="my:Game/my:innings/my:inning[@id=$inning2]/my:batting/my:score/my:total/@out"/></xsl:variable>
<xsl:variable name="overs"><xsl:value-of select="my:Game/my:innings/my:inning[@id=$inning2]/my:batting/my:score/my:total/@overs"/></xsl:variable>
Total: (<xsl:value-of select="$out"/>, <xsl:value-of select="$overs"/> overs)
 <xsl:value-of select="my:Game/my:innings/my:inning[@id=$inning1]/my:batting/my:score/my:total"/>
</td>
</tr>  
</table>
<table border="1" style="width:90%;margin:5%;margin-top:-5%"> 

	  <tr>
	  <th colspan="5" style="text-align:left;background-color:#9acd32" >
	  Bowling
	  </th>
	  </tr>
	  <tr>
	  <th>Player</th>
	  <th>Overs</th>
	  <th>Wickets</th>
	  </tr> 
	  <xsl:for-each select="my:Game/my:innings/my:inning[@id=$inning2]/my:bowling/my:bowler">
	  <xsl:variable name="player"><xsl:value-of select="@id"/></xsl:variable>
	  <tr>
	  
	  <td><xsl:value-of select="../../../../my:Team/my:player[@id=$player]"/></td>
	  
	  <td><xsl:value-of select="@overs"/></td>
	  <td><xsl:value-of select="@wickets"/></td>	  
	  </tr>
	  </xsl:for-each>	
	</table>
	</div>
	</div>
</body>

</html>
</xsl:template>
</xsl:stylesheet>